<wpml-config>
    <custom-fields>
		   <custom-field action="copy-once">_lets_review_criterias</custom-field>
		   <custom-field action="copy-once">_lets_review_final_score</custom-field>
		   <custom-field action="copy-once">_lets_review_final_score_100</custom-field>
		   <custom-field action="copy-once">_lets_review_final_score_override</custom-field>
		   <custom-field action="copy">_lets_review_onoff</custom-field>
		   <custom-field action="copy">_lets_review_design</custom-field>
		   <custom-field action="copy">_lets_review_design_ani</custom-field>
		   <custom-field action="copy">_lets_review_custom_image</custom-field>
		   <custom-field action="copy">_lets_review_color</custom-field>
		   <custom-field action="copy">_lets_review_custom_icon</custom-field>
		   <custom-field action="copy">_lets_review_format</custom-field>
		   <custom-field action="copy">_lets_review_media_use_fi</custom-field>
		   <custom-field action="copy">_lets_review_location</custom-field>
		   <custom-field action="copy">_lets_review_title_use_post</custom-field>
		   <custom-field action="copy">_lets_review_gallery_imgs</custom-field>
		   <custom-field action="copy">_lets_review_user_rating</custom-field>
		   <custom-field action="copy">_lets_review_type</custom-field>
		   <custom-field action="copy">_lets_review_design_skin</custom-field>
		   <custom-field action="translate">_lets_review_subtitle</custom-field>
		   <custom-field action="translate">_lets_review_aff_buttons</custom-field>
		   <custom-field action="translate">_lets_review_aff_title</custom-field>
		   <custom-field action="translate">_lets_review_criterias</custom-field>
		   <custom-field action="translate">_lets_review_conclusion_title</custom-field>
		   <custom-field action="translate">_lets_review_conclusion</custom-field>
		   <custom-field action="translate">_lets_review_title</custom-field>
		   <custom-field action="translate">_lets_review_subtitle</custom-field>
		   <custom-field action="translate">_lets_review_gallery_title</custom-field>
		   <custom-field action="translate">_lets_review_pros</custom-field>
		   <custom-field action="translate">_lets_review_cons</custom-field>
		   <custom-field action="translate">_lets_review_pros_title</custom-field>
		   <custom-field action="translate">_lets_review_cons_title</custom-field>
    </custom-fields>
</wpml-config>


